,Genotype,Stage,Sample,CIDRatype,Count,CountN
0,AA,Ring,AA01,CIDRa2-6,4485.002000000001,34.837689065258225
1,AA,Ring,AA01,CIDRpam,654.0000000000001,5.080008581641407
2,AA,Ring,AA01,CIDRa1.1/8,232.07,1.8026262867607359
3,AA,Ring,AA01,CIDRa1,85.93100000000001,0.6674773966804706
4,AA,Ring,AA02,CIDRa2-6,12621.995999999996,53.501169888097635
5,AA,Ring,AA02,CIDRa1,521.0009999999999,2.208379959308239
6,AA,Ring,AA02,CIDRpam,165.999,0.7036241098677516
7,AA,Ring,AA02,CIDRa1.1/8,92.0,0.38996269922007454
8,AA,Trophozoite,AA03,CIDRa2-6,43100.348000000035,35.208100248333565
9,AA,Trophozoite,AA03,CIDRa1,2574.077,2.1027292184028226
10,AA,Trophozoite,AA03,CIDRa1.1/8,2144.5730000000003,1.7518731211606322
11,AA,Trophozoite,AA03,CIDRpam,89.0,0.0727029146516795
12,AA,Trophozoite,AA04,CIDRa2-6,9910.001999999999,36.51168264921345
13,AA,Trophozoite,AA04,CIDRa1,232.4740000000001,0.856510110915543
14,AA,Trophozoite,AA04,CIDRa1.1/8,154.52300000000002,0.5693131785447079
15,AA,Trophozoite,AA04,CIDRpam,65.999,0.24316186244618707
16,AA,Ring,AA05,CIDRa2-6,22829.003000000004,41.64660348633233
17,AA,Ring,AA05,CIDRpam,1406.9989999999998,2.5667669086848024
18,AA,Ring,AA05,CIDRa1,994.8429999999996,1.8148769769820123
19,AA,Ring,AA05,CIDRa1.1/8,229.15500000000003,0.41804398649868696
20,AA,Mixed,AA06,CIDRa2-6,4195.000000000004,18.14446131343497
21,AA,Mixed,AA06,CIDRpam,1426.0010000000002,6.16782359414054
22,AA,Mixed,AA06,CIDRa1,190.99999999999997,0.8261244602779682
23,AA,Mixed,AA06,CIDRa1.1/8,104.004,0.44984423228664816
24,AA,Ring,AA07,CIDRa2-6,4729.003,26.199464055371973
25,AA,Ring,AA07,CIDRa1.1/8,1673.9989999999998,9.274233200788544
26,AA,Ring,AA07,CIDRpam,513.0,2.842105420615259
27,AA,Ring,AA07,CIDRa1,376.9989999999998,2.088637234827547
28,AA,Trophozoite,AA08,CIDRa2-6,9264.003,19.9153032352232
29,AA,Trophozoite,AA08,CIDRa1.1/8,4247.694,9.131486039073842
30,AA,Trophozoite,AA08,CIDRa1,968.3070000000002,2.081619309686026
31,AA,Trophozoite,AA08,CIDRpam,169.00099999999998,0.3633101330014633
32,AA,Ring,AA09,CIDRa2-6,9074.001000000004,43.54545270877499
33,AA,Ring,AA09,CIDRpam,437.00100000000003,2.097135142390592
34,AA,Ring,AA09,CIDRa1,147.00000000000003,0.7054420148498907
35,AA,Ring,AA09,CIDRa1.1/8,26.0,0.12477205704827994
36,AA,Ring,AA10,CIDRa2-6,3206.0000000000005,50.22715017165904
37,AA,Ring,AA10,CIDRpam,113.99900000000001,1.785977820467548
38,AA,Ring,AA10,CIDRa1,79.0,1.2376621533253476
39,AA,Ring,AA10,CIDRa1.1/8,19.0,0.2976655811795139
40,AA,Ring,AA11,CIDRa2-6,6814.632,19.9661029632088
41,AA,Ring,AA11,CIDRpam,1941.0,5.6869110249222965
42,AA,Ring,AA11,CIDRa1,751.3650000000001,2.2014146843074407
43,AA,Ring,AA11,CIDRa1.1/8,157.998,0.4629163153609856
44,AA,Mixed,AA12,CIDRa2-6,29408.00299999999,42.921369571023085
45,AA,Mixed,AA12,CIDRa1,295.00000000000006,0.4305564041003334
46,AA,Mixed,AA12,CIDRa1.1/8,200.00099999999998,0.2919041063609178
47,AA,Mixed,AA12,CIDRpam,38.0,0.055461502901059875
48,AA,Ring,AA13,CIDRpam,423.00000000000006,24.650378380394383
49,AA,Ring,AA13,CIDRa2-6,361.99899999999997,21.09553740738625
50,AA,Ring,AA13,CIDRa1,20.997999999999998,1.2236610998381114
51,AA,Ring,AA13,CIDRa1.1/8,10.0,0.5827512619478576
52,AA,Ring,AA14,CIDRa2-6,4948.998000000002,20.012122118393787
53,AA,Ring,AA14,CIDRpam,2866.9999999999995,11.593206162830324
54,AA,Ring,AA14,CIDRa1.1/8,1535.71,6.2099067444437255
55,AA,Ring,AA14,CIDRa1,543.2959999999999,2.1969105460206015
56,AA,Trophozoite,AA15,CIDRa2-6,1428.0030000000002,29.510285284090678
57,AA,Trophozoite,AA15,CIDRa1.1/8,306.99999999999994,6.344284698432591
58,AA,Trophozoite,AA15,CIDRa1,150.99900000000002,3.1204581276176646
59,AA,Trophozoite,AA15,CIDRpam,20.999000000000002,0.4339532064572834
60,AA,Trophozoite,AA16,CIDRa2-6,25469.99499999999,17.716409585190185
61,AA,Trophozoite,AA16,CIDRa1,681.0,0.4736897250083685
62,AA,Trophozoite,AA16,CIDRpam,305.0,0.21215178579669955
63,AA,Trophozoite,AA16,CIDRa1.1/8,0.0,0.0
64,AS,Mixed,AS01,CIDRa2-6,8439.001000000004,47.388835598215096
65,AS,Mixed,AS01,CIDRpam,4282.001,24.045386583126668
66,AS,Mixed,AS01,CIDRa1,355.00000000000006,1.9934867453347087
67,AS,Mixed,AS01,CIDRa1.1/8,37.0,0.20777185796446257
68,AS,Ring,AS02,CIDRa2-6,14017.865999999998,48.04752863916123
69,AS,Ring,AS02,CIDRa1.1/8,1276.6490000000001,4.37583219797197
70,AS,Ring,AS02,CIDRpam,672.9989999999999,2.306766145904581
71,AS,Ring,AS02,CIDRa1,437.485,1.499520188501121
72,AS,Mixed,AS03,CIDRa2-6,12496.996000000005,31.601959923988403
73,AS,Mixed,AS03,CIDRa1,1359.1979999999999,3.4370916598489085
74,AS,Mixed,AS03,CIDRa1.1/8,1003.8049999999998,2.5383864555529314
75,AS,Mixed,AS03,CIDRpam,428.00000000000006,1.082311208827068
76,AS,Ring,AS04,CIDRa2-6,8940.002,21.5811756185878
77,AS,Ring,AS04,CIDRpam,2223.0009999999997,5.366327097163545
78,AS,Ring,AS04,CIDRa1,1834.0079999999996,4.4272975256487594
79,AS,Ring,AS04,CIDRa1.1/8,2.995,0.007229933614966804
80,AS,Ring,AS05,CIDRa2-6,13333.219000000003,19.76082136558327
81,AS,Ring,AS05,CIDRpam,3113.0,4.613697330784163
82,AS,Ring,AS05,CIDRa1,2557.7310000000007,3.7907474100751406
83,AS,Ring,AS05,CIDRa1.1/8,1552.049,2.300251952632904
84,AS,Trophozoite,AS06,CIDRa2-6,6388.000000000001,53.13592632439299
85,AS,Trophozoite,AS06,CIDRa1.1/8,307.14799999999997,2.5548831400570844
86,AS,Trophozoite,AS06,CIDRa1,170.852,1.4211614408852835
87,AS,Trophozoite,AS06,CIDRpam,15.0,0.12477127346053457
88,AS,Ring,AS07,CIDRa2-6,6732.999000000002,29.718384608478672
89,AS,Ring,AS07,CIDRpam,661.001,2.917553076212993
90,AS,Ring,AS07,CIDRa1,193.0,0.8518712433250595
91,AS,Ring,AS07,CIDRa1.1/8,160.001,0.7062189160790303
92,AS,Trophozoite,AS08,CIDRa1.1/8,2953.013,15.166989462404246
93,AS,Trophozoite,AS08,CIDRa1,1263.1459999999997,6.487652465965462
94,AS,Trophozoite,AS08,CIDRa2-6,223.84,1.149666094007905
95,AS,Trophozoite,AS08,CIDRpam,2.001,0.01027734924101956
96,AS,Ring,AS09,CIDRa2-6,1269.0009999999997,30.53416214228861
97,AS,Ring,AS09,CIDRpam,178.0,4.282960266640747
98,AS,Ring,AS09,CIDRa1.1/8,134.0,3.2242509872464047
99,AS,Ring,AS09,CIDRa1,48.002,1.1550037006701634
100,AS,Trophozoite,AS10,CIDRa2-6,18768.999000000003,36.69977728871247
101,AS,Trophozoite,AS10,CIDRa1.1/8,67.001,0.13100974527842552
102,AS,Trophozoite,AS10,CIDRa1,50.0,0.09776700741662478
103,AS,Trophozoite,AS10,CIDRpam,24.000999999999998,0.046930118900128215
104,AS,Ring,AS11,CIDRa2-6,1487.0009999999993,22.320636097172592
105,AS,Ring,AS11,CIDRa1,425.00100000000003,6.379479678853245
106,AS,Ring,AS11,CIDRpam,368.00100000000003,5.523880888039494
107,AS,Ring,AS11,CIDRa1.1/8,100.99999999999999,1.5160610153015583
108,AS,Trophozoite,AS12,CIDRa2-6,15358.937,25.158788578803374
109,AS,Trophozoite,AS12,CIDRa1.1/8,2743.999,4.494822180822012
110,AS,Trophozoite,AS12,CIDRa1,891.001,1.4595089349283996
111,AS,Trophozoite,AS12,CIDRpam,64.0,0.10483554096506915
112,AS,Trophozoite,AS13,CIDRa2-6,13207.998,45.34157162259824
113,AS,Trophozoite,AS13,CIDRpam,149.00199999999998,0.5115071076563141
114,AS,Trophozoite,AS13,CIDRa1,132.99900000000002,0.4565706085232557
115,AS,Trophozoite,AS13,CIDRa1.1/8,67.99999999999999,0.23343635199949905
116,AS,Ring,AS14,CIDRa2-6,5049.787000000004,24.341018655309774
117,AS,Ring,AS14,CIDRpam,2698.0020000000004,13.00492813143664
118,AS,Ring,AS14,CIDRa1,863.999,4.164654029401433
119,AS,Ring,AS14,CIDRa1.1/8,478.209,2.3050663701532406
120,AS,Trophozoite,AS15,CIDRa2-6,14844.455000000005,27.269555574795284
121,AS,Trophozoite,AS15,CIDRa1,3813.0370000000003,7.004623907058269
122,AS,Trophozoite,AS15,CIDRa1.1/8,208.50900000000001,0.38303513085155283
123,AS,Trophozoite,AS15,CIDRpam,38.0,0.06980674681840596
124,AS,Trophozoite,AS16,CIDRa2-6,97672.00799999999,49.11324779265706
125,AS,Trophozoite,AS16,CIDRa1,914.2010000000004,0.4596954763671379
126,AS,Trophozoite,AS16,CIDRa1.1/8,516.799,0.2598664434747505
127,AS,Trophozoite,AS16,CIDRpam,37.0,0.01860502518109704
